Player_Name,Position,Week,Points
A.J. Brown,WR,1,1.3
A.J. Brown,WR,2,5.2
A.J. Brown,WR,3,19.9
A.J. Brown,WR,4,1.7
A.J. Brown,WR,5,6.8
A.J. Brown,WR,6,11.0
A.J. Brown,WR,7,26.1
AJ Barner,TE,1,0.95
AJ Barner,TE,2,10.3
AJ Barner,TE,3,3.05
AJ Barner,TE,4,11.45
AJ Barner,TE,5,22.55
AJ Barner,TE,6,9.35
AJ Barner,TE,7,1.65
AJ Barner,TE,9,10.75
Aaron Jones,RB,1,14.2
Aaron Jones,RB,2,2.3
Aaron Jones,RB,8,4.0
Aaron Jones,RB,9,10.8
Aaron Rodgers,QB,1,29.66
Aaron Rodgers,QB,2,11.42
Aaron Rodgers,QB,3,13.66
Aaron Rodgers,QB,4,13.8
Aaron Rodgers,QB,6,19.5
Aaron Rodgers,QB,7,26.56
Aaron Rodgers,QB,8,18.76
Aaron Rodgers,QB,9,13.12
Adam Thielen,WR,1,2.0
Adam Thielen,WR,2,3.6
Adam Thielen,WR,4,2.1
Adam Thielen,WR,7,1.5
Adonai Mitchell,WR,1,3.1
Adonai Mitchell,WR,2,3.0
Adonai Mitchell,WR,4,9.1
Adonai Mitchell,WR,7,1.3
Adonai Mitchell,WR,9,1.2
Alec Pierce,WR,1,4.1
Alec Pierce,WR,2,8.8
Alec Pierce,WR,3,8.7
Alec Pierce,WR,6,5.8
Alec Pierce,WR,7,12.3
Alec Pierce,WR,8,7.9
Alec Pierce,WR,9,14.5
Allen Lazard,WR,3,8.3
Allen Lazard,WR,4,1.3
Allen Lazard,WR,5,0.8
Allen Lazard,WR,7,2.6
Allen Lazard,WR,8,1.0
Alvin Kamara,RB,1,12.7
Alvin Kamara,RB,2,13.0
Alvin Kamara,RB,3,6.1
Alvin Kamara,RB,4,9.2
Alvin Kamara,RB,5,7.5
Alvin Kamara,RB,6,10.1
Alvin Kamara,RB,7,4.4
Alvin Kamara,RB,8,5.5
Alvin Kamara,RB,9,0.2
Amon-Ra St. Brown,WR,1,6.5
Amon-Ra St. Brown,WR,2,34.7
Amon-Ra St. Brown,WR,3,17.2
Amon-Ra St. Brown,WR,4,22.5
Amon-Ra St. Brown,WR,5,14.0
Amon-Ra St. Brown,WR,6,9.2
Amon-Ra St. Brown,WR,7,17.6
Amon-Ra St. Brown,WR,9,14.2
Andrei Iosivas,WR,2,1.7
Andrei Iosivas,WR,4,3.2
Andrei Iosivas,WR,5,10.7
Andrei Iosivas,WR,6,1.0
Andrei Iosivas,WR,7,6.4
Andrei Iosivas,WR,9,15.5
Andy Dalton,QB,4,7.32
Andy Dalton,QB,8,1.1
Anthony Gould,WR,7,0.8
Arian Smith,WR,8,2.8
Ashton Jeanty,RB,1,11.0
Ashton Jeanty,RB,2,5.9
Ashton Jeanty,RB,3,6.3
Ashton Jeanty,RB,4,32.5
Ashton Jeanty,RB,5,13.4
Ashton Jeanty,RB,6,15.6
Ashton Jeanty,RB,7,3.9
Ashton Jeanty,RB,9,17.4
Baker Mayfield,QB,1,25.58
Baker Mayfield,QB,2,21.9
Baker Mayfield,QB,3,18.72
Baker Mayfield,QB,4,20.86
Baker Mayfield,QB,5,28.66
Baker Mayfield,QB,6,21.64
Baker Mayfield,QB,7,12.12
Baker Mayfield,QB,8,4.08
Beaux Collins,WR,8,2.3
Ben Sinnott,TE,2,1.45
Ben Sinnott,TE,8,2.95
Bhayshul Tuten,RB,1,1.1
Bhayshul Tuten,RB,2,14.4
Bhayshul Tuten,RB,3,8.1
Bhayshul Tuten,RB,4,2.7
Bhayshul Tuten,RB,5,1.6
Bhayshul Tuten,RB,6,3.8
Bhayshul Tuten,RB,7,2.2
Bhayshul Tuten,RB,9,9.1
Bijan Robinson,RB,1,21.4
Bijan Robinson,RB,2,18.3
Bijan Robinson,RB,3,13.6
Bijan Robinson,RB,4,26.1
Bijan Robinson,RB,6,32.8
Bijan Robinson,RB,7,18.2
Bijan Robinson,RB,8,4.3
Bijan Robinson,RB,9,13.6
Blake Corum,RB,1,2.1
Blake Corum,RB,2,10.4
Blake Corum,RB,3,5.3
Blake Corum,RB,4,2.6
Blake Corum,RB,5,1.3
Blake Corum,RB,6,2.3
Blake Corum,RB,7,4.8
Blake Corum,RB,9,5.8
Blake Whiteheart,TE,7,1.15
Bo Nix,QB,1,7.84
Bo Nix,QB,2,23.24
Bo Nix,QB,3,14.42
Bo Nix,QB,4,27.74
Bo Nix,QB,5,18.88
Bo Nix,QB,6,14.36
Bo Nix,QB,7,41.96
Bo Nix,QB,8,27.78
Bo Nix,QB,9,20.52
Brandin Cooks,WR,1,4.1
Brandin Cooks,WR,2,3.6
Brandin Cooks,WR,3,3.9
Brandin Cooks,WR,4,3.7
Brandin Cooks,WR,5,1.0
Brandin Cooks,WR,6,2.6
Brandin Cooks,WR,7,0.8
Brandin Cooks,WR,8,3.7
Brandin Cooks,WR,9,2.6
Brashard Smith,RB,2,0.2
Brashard Smith,RB,3,1.3
Brashard Smith,RB,4,5.1
Brashard Smith,RB,5,5.1
Brashard Smith,RB,6,3.6
Brashard Smith,RB,7,10.6
Brashard Smith,RB,8,0.8
Brashard Smith,RB,9,0.7
Breece Hall,RB,1,15.5
Breece Hall,RB,2,4.8
Breece Hall,RB,3,7.2
Breece Hall,RB,4,13.6
Breece Hall,RB,5,15.5
Breece Hall,RB,6,5.9
Breece Hall,RB,7,6.2
Breece Hall,RB,8,32.86
Brian Robinson,RB,1,4.2
Brian Robinson,RB,2,2.4
Brian Robinson,RB,3,2.2
Brian Robinson,RB,4,2.1
Brian Robinson,RB,5,1.2
Brian Robinson,RB,6,2.3
Brian Robinson,RB,7,3.6
Brian Robinson,RB,9,11.3
Brian Thomas,WR,1,8.5
Brian Thomas,WR,2,6.9
Brian Thomas,WR,3,6.5
Brian Thomas,WR,4,8.1
Brian Thomas,WR,5,10.0
Brian Thomas,WR,6,19.0
Brian Thomas,WR,7,4.6
Brian Thomas,WR,9,7.0
Brock Bowers,TE,1,14.05
Brock Bowers,TE,2,7.55
Brock Bowers,TE,3,8.8
Brock Bowers,TE,4,8.35
Brock Bowers,TE,9,40.3
Brock Purdy,QB,1,18.78
Brock Purdy,QB,4,19.66
Bryce Young,QB,1,9.16
Bryce Young,QB,2,24.32
Bryce Young,QB,3,11.64
Bryce Young,QB,4,11.3
Bryce Young,QB,5,14.02
Bryce Young,QB,6,21.46
Bryce Young,QB,7,11.52
Bryce Young,QB,9,2.98
Bucky Irving,RB,1,12.5
Bucky Irving,RB,2,15.1
Bucky Irving,RB,3,11.9
Bucky Irving,RB,4,23.0
C.J. Stroud,QB,1,8.72
C.J. Stroud,QB,2,15.98
C.J. Stroud,QB,3,11.36
C.J. Stroud,QB,4,20.42
C.J. Stroud,QB,5,32.76
C.J. Stroud,QB,7,14.66
C.J. Stroud,QB,8,23.72
C.J. Stroud,QB,9,4.36
Cade Otton,TE,2,4.75
Cade Otton,TE,4,3.15
Cade Otton,TE,5,11.1
Cade Otton,TE,6,8.85
Cade Otton,TE,7,11.75
Cade Otton,TE,8,7.0
Caleb Williams,QB,1,25.2
Caleb Williams,QB,2,18.98
Caleb Williams,QB,3,33.12
Caleb Williams,QB,4,12.78
Caleb Williams,QB,6,20.88
Caleb Williams,QB,7,4.68
Caleb Williams,QB,8,11.8
Caleb Williams,QB,9,40.7
Calvin Austin,WR,1,15.0
Calvin Austin,WR,2,2.7
Calvin Austin,WR,3,10.9
Calvin Austin,WR,4,2.3
Calvin Austin,WR,8,4.8
Calvin Austin,WR,9,8.1
Calvin Ridley,WR,1,4.7
Calvin Ridley,WR,2,7.2
Calvin Ridley,WR,3,3.2
Calvin Ridley,WR,4,4.0
Calvin Ridley,WR,5,15.6
Calvin Ridley,WR,6,2.3
Cam Akers,RB,3,1.9
Cam Akers,RB,5,6.28
Cam Ward,QB,1,2.48
Cam Ward,QB,2,10.8
Cam Ward,QB,3,12.96
Cam Ward,QB,4,4.52
Cam Ward,QB,5,8.0
Cam Ward,QB,6,7.88
Cam Ward,QB,7,11.2
Cam Ward,QB,8,13.76
Cam Ward,QB,9,6.4
CeeDee Lamb,WR,1,14.5
CeeDee Lamb,WR,2,15.7
CeeDee Lamb,WR,7,19.5
CeeDee Lamb,WR,8,11.1
CeeDee Lamb,WR,9,12.0
Chase Brown,RB,1,12.1
Chase Brown,RB,2,7.5
Chase Brown,RB,3,4.0
Chase Brown,RB,4,8.6
Chase Brown,RB,5,8.3
Chase Brown,RB,6,7.9
Chase Brown,RB,7,11.0
Chase Brown,RB,8,24.0
Chase Brown,RB,9,15.2
Chig Okonkwo,TE,1,4.15
Chig Okonkwo,TE,2,6.5
Chig Okonkwo,TE,3,10.35
Chig Okonkwo,TE,4,1.15
Chig Okonkwo,TE,5,7.8
Chig Okonkwo,TE,6,9.1
Chig Okonkwo,TE,8,8.3
Chig Okonkwo,TE,9,2.5
Chimere Dike,WR,1,0.9
Chimere Dike,WR,2,1.8
Chimere Dike,WR,3,2.0
Chimere Dike,WR,5,2.7
Chimere Dike,WR,6,1.8
Chimere Dike,WR,7,14.9
Chimere Dike,WR,8,12.9
Chimere Dike,WR,9,7.0
Chris Godwin,WR,4,4.1
Chris Godwin,WR,5,4.1
Chris Moore,WR,7,6.9
Chris Olave,WR,1,8.9
Chris Olave,WR,2,8.4
Chris Olave,WR,3,10.7
Chris Olave,WR,4,7.5
Chris Olave,WR,5,9.4
Chris Olave,WR,6,12.8
Chris Olave,WR,7,24.3
Chris Olave,WR,8,10.0
Chris Olave,WR,9,7.2
Chris Rodriguez,RB,3,3.9
Chris Rodriguez,RB,4,5.9
Chris Rodriguez,RB,5,0.7
Chris Rodriguez,RB,7,7.2
Chris Rodriguez,RB,8,0.2
Chris Rodriguez,RB,9,12.5
Christian Kirk,WR,3,4.0
Christian Kirk,WR,4,3.5
Christian Kirk,WR,5,8.4
Christian Kirk,WR,9,4.6
Christian McCaffrey,RB,1,18.7
Christian McCaffrey,RB,2,19.7
Christian McCaffrey,RB,3,19.0
Christian McCaffrey,RB,4,23.1
Christian McCaffrey,RB,5,23.9
Christian McCaffrey,RB,6,20.6
Christian McCaffrey,RB,7,35.6
Christian McCaffrey,RB,8,8.3
Christian McCaffrey,RB,9,31.8
Christian Watson,WR,8,10.5
Christian Watson,WR,9,6.8
Chuba Hubbard,RB,1,16.4
Chuba Hubbard,RB,2,16.2
Chuba Hubbard,RB,3,8.6
Chuba Hubbard,RB,4,8.4
Chuba Hubbard,RB,7,6.5
Chuba Hubbard,RB,8,9.4
Chuba Hubbard,RB,9,1.7
Cole Kmet,TE,1,3.85
Cole Kmet,TE,2,4.4
Cole Kmet,TE,3,7.75
Cole Kmet,TE,4,6.85
Cole Kmet,TE,6,0.75
Cole Kmet,TE,7,2.35
Cole Kmet,TE,9,1.75
Colston Loveland,TE,1,2.7
Colston Loveland,TE,3,3.85
Colston Loveland,TE,6,2.6
Colston Loveland,TE,7,4.65
Colston Loveland,TE,8,6.05
Colston Loveland,TE,9,28.3
Cooper Kupp,WR,1,2.5
Cooper Kupp,WR,2,12.5
Cooper Kupp,WR,3,4.1
Cooper Kupp,WR,4,4.6
Cooper Kupp,WR,5,8.9
Cooper Kupp,WR,6,11.0
Cooper Kupp,WR,7,1.7
Cooper Rush,QB,5,1.16
Courtland Sutton,WR,1,15.1
Courtland Sutton,WR,2,1.1
Courtland Sutton,WR,3,20.8
Courtland Sutton,WR,4,16.6
Courtland Sutton,WR,5,13.9
Courtland Sutton,WR,6,2.2
Courtland Sutton,WR,7,13.7
Courtland Sutton,WR,8,8.7
Courtland Sutton,WR,9,9.5
Curtis Samuel,WR,4,1.4
Curtis Samuel,WR,5,9.6
Curtis Samuel,WR,9,1.1
D'Andre Swift,RB,1,8.0
D'Andre Swift,RB,2,12.4
D'Andre Swift,RB,3,9.3
D'Andre Swift,RB,4,14.0
D'Andre Swift,RB,6,24.5
D'Andre Swift,RB,7,20.3
D'Andre Swift,RB,8,14.1
DJ Giddens,RB,1,4.1
DJ Giddens,RB,3,0.3
DJ Giddens,RB,5,2.2
DJ Moore,WR,1,7.1
DJ Moore,WR,2,7.1
DJ Moore,WR,3,10.8
DJ Moore,WR,4,5.8
DJ Moore,WR,6,6.7
DJ Moore,WR,7,6.7
DJ Moore,WR,8,9.6
DJ Moore,WR,9,21.98
DK Metcalf,WR,1,10.3
DK Metcalf,WR,2,9.5
DK Metcalf,WR,3,10.7
DK Metcalf,WR,4,21.1
DK Metcalf,WR,6,17.5
DK Metcalf,WR,7,6.5
DK Metcalf,WR,8,14.0
DK Metcalf,WR,9,1.6
Dak Prescott,QB,1,7.82
Dak Prescott,QB,2,24.14
Dak Prescott,QB,3,13.04
Dak Prescott,QB,4,33.96
Dak Prescott,QB,5,32.28
Dak Prescott,QB,6,25.34
Dak Prescott,QB,7,26.26
Dak Prescott,QB,8,6.62
Dak Prescott,QB,9,16.4
Dallas Goedert,TE,1,9.65
Dallas Goedert,TE,3,10.05
Dallas Goedert,TE,4,18.7
Dallas Goedert,TE,5,10.15
Dallas Goedert,TE,6,23.75
Dallas Goedert,TE,7,4.05
Dallas Goedert,TE,8,17.05
Dalton Kincaid,TE,1,13.8
Dalton Kincaid,TE,2,6.7
Dalton Kincaid,TE,3,16.35
Dalton Kincaid,TE,4,9.55
Dalton Kincaid,TE,5,15.3
Dalton Kincaid,TE,8,3.05
Dalton Kincaid,TE,9,20.6
Dalton Schultz,TE,1,5.05
Dalton Schultz,TE,2,5.15
Dalton Schultz,TE,3,7.65
Dalton Schultz,TE,4,6.75
Dalton Schultz,TE,5,9.75
Dalton Schultz,TE,7,16.55
Dalton Schultz,TE,8,3.9
Dalton Schultz,TE,9,12.2
Dameon Pierce,RB,1,0.5
Dameon Pierce,RB,5,2.1
Daniel Jones,QB,1,30.48
Daniel Jones,QB,2,23.84
Daniel Jones,QB,3,16.82
Daniel Jones,QB,4,11.38
Daniel Jones,QB,5,18.68
Daniel Jones,QB,6,24.48
Daniel Jones,QB,7,24.22
Daniel Jones,QB,8,26.18
Daniel Jones,QB,9,15.08
Dare Ogunbowale,RB,8,2.2
Dare Ogunbowale,RB,9,0.7
Darius Slayton,WR,2,7.1
Darius Slayton,WR,3,5.0
Darius Slayton,WR,4,5.9
Darius Slayton,WR,5,2.6
Darius Slayton,WR,8,3.6
Darius Slayton,WR,9,8.7
Darnell Mooney,WR,2,3.0
Darnell Mooney,WR,3,6.4
Darnell Mooney,WR,4,2.0
Darnell Mooney,WR,7,8.3
Darnell Mooney,WR,8,1.6
Darnell Mooney,WR,9,2.0
Darnell Washington,TE,2,2.0
Darnell Washington,TE,4,4.25
Darnell Washington,TE,6,8.45
Darnell Washington,TE,7,8.45
Darnell Washington,TE,9,7.3
Davante Adams,WR,1,7.1
Davante Adams,WR,2,19.6
Davante Adams,WR,3,13.1
Davante Adams,WR,4,13.6
Davante Adams,WR,5,11.3
Davante Adams,WR,6,5.9
Davante Adams,WR,7,24.0
Davante Adams,WR,9,20.5
David Montgomery,RB,1,6.3
David Montgomery,RB,2,12.6
David Montgomery,RB,3,28.9
David Montgomery,RB,4,1.2
David Montgomery,RB,5,18.72
David Montgomery,RB,6,7.1
David Montgomery,RB,7,4.9
David Montgomery,RB,9,10.0
David Njoku,TE,1,5.95
David Njoku,TE,2,7.0
David Njoku,TE,3,7.75
David Njoku,TE,4,2.6
David Njoku,TE,5,17.2
David Njoku,TE,6,5.05
David Njoku,TE,8,12.7
Dawson Knox,TE,1,3.5
Dawson Knox,TE,2,3.4
Dawson Knox,TE,5,3.0
Dawson Knox,TE,6,8.65
Dawson Knox,TE,8,2.25
Dawson Knox,TE,9,3.75
De'Von Achane,RB,1,15.0
De'Von Achane,RB,2,22.2
De'Von Achane,RB,3,12.6
De'Von Achane,RB,4,16.6
De'Von Achane,RB,5,13.6
De'Von Achane,RB,6,29.0
De'Von Achane,RB,7,11.3
De'Von Achane,RB,8,17.6
De'Von Achane,RB,9,13.6
DeAndre Hopkins,WR,1,10.5
DeAndre Hopkins,WR,2,13.4
DeAndre Hopkins,WR,3,1.8
DeAndre Hopkins,WR,5,5.6
DeAndre Hopkins,WR,6,3.0
DeAndre Hopkins,WR,8,1.9
DeMario Douglas,WR,1,7.2
DeMario Douglas,WR,2,1.3
DeMario Douglas,WR,3,1.7
DeMario Douglas,WR,5,2.7
DeMario Douglas,WR,6,14.6
DeMario Douglas,WR,7,3.2
DeMario Douglas,WR,8,5.2
DeMario Douglas,WR,9,18.0
DeVonta Smith,WR,1,3.1
DeVonta Smith,WR,2,7.3
DeVonta Smith,WR,3,16.0
DeVonta Smith,WR,4,3.9
DeVonta Smith,WR,5,15.4
DeVonta Smith,WR,6,6.9
DeVonta Smith,WR,7,28.8
DeVonta Smith,WR,8,11.4
Deebo Samuel,WR,1,19.1
Deebo Samuel,WR,2,13.9
Deebo Samuel,WR,3,3.9
Deebo Samuel,WR,4,17.1
Deebo Samuel,WR,5,19.6
Deebo Samuel,WR,6,3.4
Deebo Samuel,WR,8,2.7
Deebo Samuel,WR,9,6.9
Demarcus Robinson,WR,4,2.5
Demarcus Robinson,WR,5,5.4
Demarcus Robinson,WR,6,5.4
Derrick Henry,RB,1,28.7
Derrick Henry,RB,2,2.3
Derrick Henry,RB,3,10.2
Derrick Henry,RB,4,6.8
Derrick Henry,RB,5,9.3
Derrick Henry,RB,6,13.5
Derrick Henry,RB,8,19.1
Derrick Henry,RB,9,12.6
Devaughn Vele,WR,1,1.8
Devaughn Vele,WR,2,6.8
Devaughn Vele,WR,5,2.3
Devaughn Vele,WR,8,1.5
Devin Neal,RB,1,0.9
Devin Neal,RB,7,0.1
Devin Neal,RB,8,2.6
Devin Neal,RB,9,1.7
Devin Singletary,RB,1,0.9
Devin Singletary,RB,2,0.5
Devin Singletary,RB,3,1.1
Devin Singletary,RB,4,2.8
Devin Singletary,RB,5,2.9
Devin Singletary,RB,6,1.0
Devin Singletary,RB,7,0.2
Devin Singletary,RB,8,3.3
Devin Singletary,RB,9,6.1
Devontez Walker,WR,2,15.6
Devontez Walker,WR,3,3.9
Dillon Gabriel,QB,2,5.76
Dillon Gabriel,QB,5,18.1
Dillon Gabriel,QB,6,8.84
Dillon Gabriel,QB,7,5.84
Dillon Gabriel,QB,8,13.54
Dont'e Thornton,WR,1,5.5
Dont'e Thornton,WR,2,2.5
Dont'e Thornton,WR,3,3.9
Dontayvion Wicks,WR,1,4.0
Dontayvion Wicks,WR,2,6.4
Dontayvion Wicks,WR,3,3.1
Dontayvion Wicks,WR,4,2.9
Dontayvion Wicks,WR,6,2.5
Dontayvion Wicks,WR,7,1.0
Drake London,WR,1,9.5
Drake London,WR,2,4.4
Drake London,WR,3,8.0
Drake London,WR,4,21.0
Drake London,WR,6,26.8
Drake London,WR,7,6.2
Drake London,WR,9,34.3
Drake Maye,QB,1,16.28
Drake Maye,QB,2,28.3
Drake Maye,QB,3,21.22
Drake Maye,QB,4,25.22
Drake Maye,QB,5,12.12
Drake Maye,QB,6,30.24
Drake Maye,QB,7,25.08
Drake Maye,QB,8,29.28
Drake Maye,QB,9,18.36
Dyami Brown,WR,1,7.3
Dyami Brown,WR,2,15.1
Dyami Brown,WR,3,1.7
Dyami Brown,WR,5,2.5
Dyami Brown,WR,6,3.0
Dyami Brown,WR,7,6.0
Dyami Brown,WR,9,4.4
Dylan Sampson,RB,1,13.3
Dylan Sampson,RB,2,9.4
Dylan Sampson,RB,3,0.2
Dylan Sampson,RB,5,0.7
Dylan Sampson,RB,6,3.4
Dylan Sampson,RB,7,2.2
Dylan Sampson,RB,8,5.4
Elic Ayomanor,WR,1,2.3
Elic Ayomanor,WR,2,13.6
Elic Ayomanor,WR,3,11.8
Elic Ayomanor,WR,4,5.4
Elic Ayomanor,WR,5,2.8
Elic Ayomanor,WR,6,4.2
Elic Ayomanor,WR,7,3.9
Elic Ayomanor,WR,8,7.2
Elic Ayomanor,WR,9,6.1
Elijah Arroyo,TE,1,1.45
Elijah Arroyo,TE,2,4.6
Elijah Arroyo,TE,4,5.9
Elijah Arroyo,TE,5,1.75
Elijah Arroyo,TE,6,1.35
Elijah Arroyo,TE,7,5.2
Elijah Arroyo,TE,9,10.4
Elijah Moore,WR,1,1.6
Elijah Moore,WR,2,10.2
Elijah Moore,WR,3,5.1
Elijah Moore,WR,8,1.9
Elijah Moore,WR,9,3.3
Emanuel Wilson,RB,1,0.4
Emanuel Wilson,RB,4,9.6
Emanuel Wilson,RB,6,1.2
Emanuel Wilson,RB,7,2.0
Emanuel Wilson,RB,8,10.2
Emanuel Wilson,RB,9,2.2
Emari Demercado,RB,4,9.1
Emari Demercado,RB,5,6.1
Emari Demercado,RB,6,0.1
Emari Demercado,RB,9,8.3
Emeka Egbuka,WR,1,21.6
Emeka Egbuka,WR,2,10.9
Emeka Egbuka,WR,3,11.5
Emeka Egbuka,WR,4,18.1
Emeka Egbuka,WR,5,27.8
Emeka Egbuka,WR,6,3.4
Emeka Egbuka,WR,7,7.8
Emeka Egbuka,WR,8,5.0
Evan Engram,TE,1,4.35
Evan Engram,TE,2,1.95
Evan Engram,TE,4,5.9
Evan Engram,TE,5,12.3
Evan Engram,TE,6,8.65
Evan Engram,TE,7,7.95
Evan Engram,TE,8,6.6
Foster Moreau,TE,6,1.65
Garrett Wilson,WR,1,19.0
Garrett Wilson,WR,2,7.0
Garrett Wilson,WR,3,19.4
Garrett Wilson,WR,4,17.2
Garrett Wilson,WR,5,16.1
Garrett Wilson,WR,6,2.8
Geno Smith,QB,1,18.48
Geno Smith,QB,2,3.2
Geno Smith,QB,3,29.06
Geno Smith,QB,4,11.78
Geno Smith,QB,5,5.92
Geno Smith,QB,6,9.66
Geno Smith,QB,7,2.78
Geno Smith,QB,9,30.26
George Holani,RB,2,6.0
George Holani,RB,3,3.2
George Kittle,TE,1,11.5
George Kittle,TE,8,13.3
George Kittle,TE,9,5.9
George Pickens,WR,1,4.5
George Pickens,WR,2,15.3
George Pickens,WR,3,15.3
George Pickens,WR,4,29.4
George Pickens,WR,5,12.7
George Pickens,WR,6,27.3
George Pickens,WR,7,10.2
George Pickens,WR,8,11.3
George Pickens,WR,9,10.9
Greg Dortch,WR,1,0.3
Greg Dortch,WR,2,1.6
Greg Dortch,WR,3,1.8
Greg Dortch,WR,4,5.9
Greg Dortch,WR,5,2.2
Greg Dortch,WR,6,8.4
Greg Dortch,WR,7,1.5
Greg Dortch,WR,9,0.9
Gunnar Helm,TE,1,2.35
Gunnar Helm,TE,2,2.4
Gunnar Helm,TE,3,4.95
Gunnar Helm,TE,4,1.95
Gunnar Helm,TE,5,6.4
Gunnar Helm,TE,6,3.0
Gunnar Helm,TE,7,6.6
Gunnar Helm,TE,8,9.8
Gunnar Helm,TE,9,2.25
Harold Fannin,TE,1,11.85
Harold Fannin,TE,2,8.55
Harold Fannin,TE,3,4.75
Harold Fannin,TE,4,4.0
Harold Fannin,TE,5,10.3
Harold Fannin,TE,6,13.35
Harold Fannin,TE,7,6.6
Harold Fannin,TE,8,16.9
Hunter Henry,TE,1,9.6
Hunter Henry,TE,2,1.65
Hunter Henry,TE,3,27.0
Hunter Henry,TE,4,11.4
Hunter Henry,TE,5,6.1
Hunter Henry,TE,6,4.95
Hunter Henry,TE,7,6.3
Hunter Henry,TE,8,7.45
Hunter Henry,TE,9,8.1
Hunter Long,TE,6,3.4
Hunter Long,TE,7,3.1
Hunter Long,TE,9,1.35
Hunter Renfrow,WR,3,1.6
Hunter Renfrow,WR,4,2.0
Hunter Renfrow,WR,5,1.2
Hunter Renfrow,WR,6,1.2
Isaac TeSlaa,WR,1,7.8
Isaac TeSlaa,WR,2,3.4
Isaac TeSlaa,WR,5,7.7
Isaiah Bond,WR,1,1.0
Isaiah Bond,WR,2,2.0
Isaiah Bond,WR,3,2.6
Isaiah Bond,WR,4,7.3
Isaiah Bond,WR,5,3.9
Isaiah Bond,WR,6,1.9
Isaiah Davis,RB,1,1.8
Isaiah Davis,RB,2,1.1
Isaiah Davis,RB,4,3.7
Isaiah Davis,RB,5,4.8
Isaiah Davis,RB,6,0.6
Isaiah Davis,RB,7,4.2
Isaiah Davis,RB,8,15.4
Isaiah Likely,TE,5,1.95
Isaiah Likely,TE,6,2.1
Isaiah Likely,TE,8,2.3
Isaiah Likely,TE,9,8.25
Isiah Pacheco,RB,1,3.8
Isiah Pacheco,RB,2,3.4
Isiah Pacheco,RB,3,5.3
Isiah Pacheco,RB,4,11.8
Isiah Pacheco,RB,5,7.1
Isiah Pacheco,RB,6,5.6
Isiah Pacheco,RB,7,11.9
Isiah Pacheco,RB,8,5.8
J.J. McCarthy,QB,1,24.22
J.J. McCarthy,QB,2,2.82
J.J. McCarthy,QB,9,20.92
J.K. Dobbins,RB,1,13.8
J.K. Dobbins,RB,2,15.0
J.K. Dobbins,RB,3,14.8
J.K. Dobbins,RB,4,11.0
J.K. Dobbins,RB,5,14.9
J.K. Dobbins,RB,6,4.0
J.K. Dobbins,RB,7,8.5
J.K. Dobbins,RB,8,13.1
J.K. Dobbins,RB,9,6.4
Ja'Marr Chase,WR,1,3.6
Ja'Marr Chase,WR,2,29.5
Ja'Marr Chase,WR,3,6.4
Ja'Marr Chase,WR,4,4.8
Ja'Marr Chase,WR,5,26.0
Ja'Marr Chase,WR,6,20.1
Ja'Marr Chase,WR,7,30.1
Ja'Marr Chase,WR,8,15.1
Ja'Marr Chase,WR,9,14.1
Ja'Tavion Sanders,TE,1,4.2
Ja'Tavion Sanders,TE,2,10.65
Ja'Tavion Sanders,TE,3,2.6
Ja'Tavion Sanders,TE,8,4.15
Ja'Tavion Sanders,TE,9,1.25
Jack Bech,WR,1,2.8
Jack Bech,WR,3,1.5
Jack Bech,WR,5,4.2
Jack Bech,WR,7,2.3
Jacoby Brissett,QB,6,22.7
Jacoby Brissett,QB,7,21.76
Jacoby Brissett,QB,9,26.84
Jacory Croskey-Merritt,RB,1,14.2
Jacory Croskey-Merritt,RB,2,1.7
Jacory Croskey-Merritt,RB,3,9.6
Jacory Croskey-Merritt,RB,4,6.7
Jacory Croskey-Merritt,RB,5,26.0
Jacory Croskey-Merritt,RB,6,5.3
Jacory Croskey-Merritt,RB,7,3.7
Jacory Croskey-Merritt,RB,8,2.5
Jacory Croskey-Merritt,RB,9,4.6
Jahan Dotson,WR,3,1.2
Jahan Dotson,WR,5,2.9
Jahan Dotson,WR,6,2.2
Jahan Dotson,WR,8,10.5
Jahmyr Gibbs,RB,1,10.0
Jahmyr Gibbs,RB,2,17.9
Jahmyr Gibbs,RB,3,24.4
Jahmyr Gibbs,RB,4,16.7
Jahmyr Gibbs,RB,5,15.7
Jahmyr Gibbs,RB,6,7.0
Jahmyr Gibbs,RB,7,35.3
Jahmyr Gibbs,RB,9,4.3
Jake Browning,QB,2,19.74
Jake Browning,QB,3,6.9
Jake Browning,QB,4,5.4
Jake Browning,QB,5,22.14
Jake Ferguson,TE,1,6.05
Jake Ferguson,TE,2,14.55
Jake Ferguson,TE,3,17.95
Jake Ferguson,TE,4,15.25
Jake Ferguson,TE,5,22.15
Jake Ferguson,TE,6,11.55
Jake Ferguson,TE,7,20.15
Jake Ferguson,TE,9,6.75
Jake Tonges,TE,2,6.1
Jake Tonges,TE,3,3.6
Jake Tonges,TE,4,14.05
Jake Tonges,TE,5,15.35
Jake Tonges,TE,6,10.3
Jake Tonges,TE,8,6.95
Jakobi Meyers,WR,1,13.7
Jakobi Meyers,WR,2,9.8
Jakobi Meyers,WR,3,7.8
Jakobi Meyers,WR,4,5.0
Jakobi Meyers,WR,5,5.2
Jakobi Meyers,WR,6,5.9
Jakobi Meyers,WR,9,4.3
Jalen Coker,WR,8,5.1
Jalen Coker,WR,9,1.4
Jalen Hurts,QB,1,24.28
Jalen Hurts,QB,2,11.54
Jalen Hurts,QB,3,32.04
Jalen Hurts,QB,4,21.4
Jalen Hurts,QB,5,21.5
Jalen Hurts,QB,6,21.62
Jalen Hurts,QB,7,27.04
Jalen Hurts,QB,8,29.36
Jalen Milroe,QB,1,0.1
Jalen Milroe,QB,3,0.3
Jalen Nailor,WR,1,3.3
Jalen Nailor,WR,2,4.6
Jalen Nailor,WR,3,5.2
Jalen Nailor,WR,4,8.7
Jalen Nailor,WR,5,5.7
Jalen Nailor,WR,7,4.7
Jalen Nailor,WR,9,2.1
Jalen Tolbert,WR,1,0.5
Jalen Tolbert,WR,2,2.6
Jalen Tolbert,WR,4,8.1
Jalen Tolbert,WR,6,1.3
Jalen Tolbert,WR,7,2.1
Jalen Tolbert,WR,8,11.7
Jalin Hyatt,WR,6,3.2
Jamari Thrash,WR,1,1.1
Jamari Thrash,WR,2,1.0
Jamari Thrash,WR,3,1.7
Jamari Thrash,WR,5,2.7
Jamari Thrash,WR,6,2.3
Jamari Thrash,WR,7,2.8
Jamari Thrash,WR,8,4.1
James Cook,RB,1,18.7
James Cook,RB,2,26.0
James Cook,RB,3,19.3
James Cook,RB,4,21.0
James Cook,RB,5,4.9
James Cook,RB,6,8.7
James Cook,RB,8,33.6
James Cook,RB,9,13.0
Jameson Williams,WR,1,4.6
Jameson Williams,WR,2,17.8
Jameson Williams,WR,3,5.3
Jameson Williams,WR,4,4.7
Jameson Williams,WR,5,1.5
Jameson Williams,WR,6,15.6
Jameson Williams,WR,9,14.6
Jared Goff,QB,1,11.9
Jared Goff,QB,2,38.96
Jared Goff,QB,3,13.68
Jared Goff,QB,4,14.72
Jared Goff,QB,5,23.12
Jared Goff,QB,6,18.82
Jared Goff,QB,7,11.34
Jared Goff,QB,9,21.36
Jauan Jennings,WR,1,2.6
Jauan Jennings,WR,2,17.4
Jauan Jennings,WR,4,5.4
Jauan Jennings,WR,6,1.2
Jauan Jennings,WR,7,5.1
Jauan Jennings,WR,8,6.5
Jauan Jennings,WR,9,12.1
Javonte Williams,RB,1,19.4
Javonte Williams,RB,2,22.0
Javonte Williams,RB,3,9.7
Javonte Williams,RB,4,17.5
Javonte Williams,RB,5,26.4
Javonte Williams,RB,6,5.9
Javonte Williams,RB,7,18.3
Javonte Williams,RB,8,17.4
Javonte Williams,RB,9,6.8
Jaxon Smith-Njigba,WR,1,14.9
Jaxon Smith-Njigba,WR,2,14.3
Jaxon Smith-Njigba,WR,3,18.1
Jaxon Smith-Njigba,WR,4,11.0
Jaxon Smith-Njigba,WR,5,23.2
Jaxon Smith-Njigba,WR,6,26.2
Jaxon Smith-Njigba,WR,7,22.3
Jaxon Smith-Njigba,WR,9,18.0
Jaxson Dart,QB,3,0.3
Jaxson Dart,QB,4,20.84
Jaxson Dart,QB,5,17.58
Jaxson Dart,QB,6,24.6
Jaxson Dart,QB,7,31.42
Jaxson Dart,QB,8,20.42
Jaxson Dart,QB,9,29.24
Jayden Daniels,QB,1,21.12
Jayden Daniels,QB,2,21.7
Jayden Daniels,QB,5,18.14
Jayden Daniels,QB,6,24.64
Jayden Daniels,QB,7,18.74
Jayden Daniels,QB,9,15.22
Jayden Higgins,WR,1,4.2
Jayden Higgins,WR,2,3.3
Jayden Higgins,WR,3,1.0
Jayden Higgins,WR,4,8.9
Jayden Higgins,WR,5,5.2
Jayden Higgins,WR,8,11.4
Jayden Higgins,WR,9,0.9
Jaydon Blue,RB,5,0.7
Jaydon Blue,RB,7,3.9
Jaydon Blue,RB,8,2.9
Jaylen Waddle,WR,1,5.0
Jaylen Waddle,WR,2,15.3
Jaylen Waddle,WR,3,12.4
Jaylen Waddle,WR,4,6.3
Jaylen Waddle,WR,5,20.0
Jaylen Waddle,WR,6,12.82
Jaylen Waddle,WR,7,2.0
Jaylen Waddle,WR,8,18.4
Jaylen Waddle,WR,9,11.2
Jaylen Warren,RB,1,12.9
Jaylen Warren,RB,2,15.4
Jaylen Warren,RB,3,10.6
Jaylen Warren,RB,6,7.3
Jaylen Warren,RB,7,17.8
Jaylen Warren,RB,8,8.3
Jaylen Warren,RB,9,15.9
Jaylen Wright,RB,8,3.3
Jaylin Lane,WR,1,1.6
Jaylin Lane,WR,2,0.7
Jaylin Lane,WR,3,6.3
Jaylin Lane,WR,4,2.8
Jaylin Lane,WR,5,2.1
Jaylin Lane,WR,6,4.9
Jaylin Lane,WR,7,7.5
Jaylin Lane,WR,8,0.5
Jaylin Lane,WR,9,2.4
Jaylin Noel,WR,1,1.2
Jaylin Noel,WR,3,0.9
Jaylin Noel,WR,4,0.5
Jaylin Noel,WR,5,8.8
Jaylin Noel,WR,7,9.7
Jaylin Noel,WR,8,8.8
Jeremy McNichols,RB,3,13.8
Jeremy McNichols,RB,4,0.8
Jeremy McNichols,RB,5,2.3
Jeremy McNichols,RB,6,5.0
Jeremy McNichols,RB,7,5.5
Jeremy McNichols,RB,8,9.3
Jerome Ford,RB,1,1.0
Jerome Ford,RB,2,7.9
Jerome Ford,RB,3,3.0
Jerome Ford,RB,4,0.8
Jerome Ford,RB,5,4.8
Jerome Ford,RB,6,5.5
Jerome Ford,RB,7,2.0
Jerome Ford,RB,8,0.4
Jerry Jeudy,WR,1,9.1
Jerry Jeudy,WR,2,7.1
Jerry Jeudy,WR,3,2.2
Jerry Jeudy,WR,4,6.3
Jerry Jeudy,WR,5,2.5
Jerry Jeudy,WR,6,6.8
Jerry Jeudy,WR,7,2.7
Jimmy Horn,WR,5,4.1
Jimmy Horn,WR,6,5.7
Jimmy Horn,WR,7,2.0
Jimmy Horn,WR,8,0.9
Jimmy Horn,WR,9,1.3
Joe Flacco,QB,1,13.2
Joe Flacco,QB,2,9.76
Joe Flacco,QB,3,3.68
Joe Flacco,QB,4,1.26
Joe Flacco,QB,6,20.76
Joe Flacco,QB,7,28.98
Joe Flacco,QB,8,26.32
Joe Flacco,QB,9,34.7
Joe Milton,QB,8,7.32
Jonathan Taylor,RB,1,11.3
Jonathan Taylor,RB,2,28.5
Jonathan Taylor,RB,3,31.3
Jonathan Taylor,RB,4,12.1
Jonathan Taylor,RB,5,30.1
Jonathan Taylor,RB,6,21.7
Jonathan Taylor,RB,7,32.7
Jonathan Taylor,RB,8,36.4
Jonathan Taylor,RB,9,6.7
Jonnu Smith,TE,1,11.25
Jonnu Smith,TE,2,5.7
Jonnu Smith,TE,3,4.55
Jonnu Smith,TE,4,2.1
Jonnu Smith,TE,6,5.05
Jonnu Smith,TE,7,11.05
Jonnu Smith,TE,8,3.2
Jonnu Smith,TE,9,4.75
Jordan Addison,WR,4,13.4
Jordan Addison,WR,5,12.6
Jordan Addison,WR,7,17.3
Jordan Addison,WR,8,10.1
Jordan Addison,WR,9,7.4
Jordan Love,QB,1,17.92
Jordan Love,QB,2,22.88
Jordan Love,QB,3,12.12
Jordan Love,QB,4,29.28
Jordan Love,QB,6,15.96
Jordan Love,QB,7,14.36
Jordan Love,QB,8,31.3
Jordan Love,QB,9,9.02
Jordan Mason,RB,1,8.0
Jordan Mason,RB,2,4.8
Jordan Mason,RB,3,23.6
Jordan Mason,RB,4,8.7
Jordan Mason,RB,5,11.1
Jordan Mason,RB,7,11.7
Jordan Mason,RB,8,1.1
Jordan Mason,RB,9,4.2
Jordan Whittington,WR,1,0.5
Jordan Whittington,WR,2,5.2
Jordan Whittington,WR,3,2.4
Jordan Whittington,WR,4,1.2
Jordan Whittington,WR,5,4.3
Jordan Whittington,WR,6,3.8
Jordan Whittington,WR,7,1.9
Josh Allen,QB,1,40.76
Josh Allen,QB,2,11.82
Josh Allen,QB,3,26.02
Josh Allen,QB,4,26.86
Josh Allen,QB,5,21.42
Josh Allen,QB,6,17.4
Josh Allen,QB,8,24.22
Josh Allen,QB,9,29.82
Josh Downs,WR,1,2.2
Josh Downs,WR,2,8.1
Josh Downs,WR,3,4.4
Josh Downs,WR,4,4.4
Josh Downs,WR,5,8.4
Josh Downs,WR,6,13.2
Josh Downs,WR,8,11.4
Josh Downs,WR,9,12.7
Josh Jacobs,RB,1,13.5
Josh Jacobs,RB,2,14.4
Josh Jacobs,RB,3,9.9
Josh Jacobs,RB,4,29.7
Josh Jacobs,RB,6,29.5
Josh Jacobs,RB,7,18.3
Josh Jacobs,RB,8,12.0
Josh Jacobs,RB,9,18.0
Joshua Palmer,WR,1,8.6
Joshua Palmer,WR,2,5.7
Joshua Palmer,WR,3,1.0
Joshua Palmer,WR,4,3.5
Joshua Palmer,WR,5,4.6
Joshua Palmer,WR,6,7.0
JuJu Smith-Schuster,WR,1,8.0
JuJu Smith-Schuster,WR,2,1.0
JuJu Smith-Schuster,WR,3,7.5
JuJu Smith-Schuster,WR,4,11.6
JuJu Smith-Schuster,WR,5,2.7
JuJu Smith-Schuster,WR,6,7.2
JuJu Smith-Schuster,WR,7,5.0
JuJu Smith-Schuster,WR,8,3.9
JuJu Smith-Schuster,WR,9,0.7
Julius Chestnut,RB,1,0.2
Julius Chestnut,RB,3,2.6
Julius Chestnut,RB,5,0.3
Justice Hill,RB,2,4.0
Justice Hill,RB,3,6.0
Justice Hill,RB,4,26.2
Justice Hill,RB,5,1.7
Justice Hill,RB,6,6.9
Justice Hill,RB,8,0.2
Justice Hill,RB,9,2.5
Justin Fields,QB,1,30.52
Justin Fields,QB,2,3.98
Justin Fields,QB,4,28.14
Justin Fields,QB,5,27.92
Justin Fields,QB,6,4.9
Justin Fields,QB,7,4.04
Justin Fields,QB,8,21.86
Justin Herbert,QB,1,30.92
Justin Herbert,QB,2,20.78
Justin Herbert,QB,3,15.6
Justin Herbert,QB,4,13.52
Justin Herbert,QB,5,15.64
Justin Herbert,QB,6,20.76
Justin Herbert,QB,7,30.9
Justin Herbert,QB,8,28.28
Justin Herbert,QB,9,29.7
Justin Jefferson,WR,1,12.8
Justin Jefferson,WR,2,9.6
Justin Jefferson,WR,3,10.0
Justin Jefferson,WR,4,17.6
Justin Jefferson,WR,5,15.8
Justin Jefferson,WR,7,10.4
Justin Jefferson,WR,8,10.9
Justin Jefferson,WR,9,13.7
Juwan Johnson,TE,1,13.6
Juwan Johnson,TE,2,14.65
Juwan Johnson,TE,3,9.6
Juwan Johnson,TE,4,5.05
Juwan Johnson,TE,5,3.2
Juwan Johnson,TE,6,1.0
Juwan Johnson,TE,7,11.65
Juwan Johnson,TE,8,9.05
Juwan Johnson,TE,9,11.35
KaVontae Turpin,WR,1,3.7
KaVontae Turpin,WR,2,13.3
KaVontae Turpin,WR,3,7.8
KaVontae Turpin,WR,4,4.9
KaVontae Turpin,WR,7,2.2
KaVontae Turpin,WR,8,0.3
KaVontae Turpin,WR,9,2.3
Kaleb Johnson,RB,2,0.1
Kaleb Johnson,RB,4,2.2
Kaleb Johnson,RB,6,1.5
Kaleb Johnson,RB,9,1.8
Kareem Hunt,RB,1,3.6
Kareem Hunt,RB,2,3.9
Kareem Hunt,RB,3,10.9
Kareem Hunt,RB,4,5.2
Kareem Hunt,RB,5,18.2
Kareem Hunt,RB,6,3.9
Kareem Hunt,RB,7,1.8
Kareem Hunt,RB,8,16.7
Kareem Hunt,RB,9,12.0
Kayshon Boutte,WR,1,13.3
Kayshon Boutte,WR,2,8.1
Kayshon Boutte,WR,3,3.8
Kayshon Boutte,WR,4,2.3
Kayshon Boutte,WR,5,5.8
Kayshon Boutte,WR,6,23.8
Kayshon Boutte,WR,7,12.5
Kayshon Boutte,WR,8,15.0
KeAndre Lambert-Smith,WR,6,0.6
Keaton Mitchell,RB,5,1.8
Keaton Mitchell,RB,8,4.3
Keaton Mitchell,RB,9,2.3
Keenan Allen,WR,1,16.3
Keenan Allen,WR,2,14.6
Keenan Allen,WR,3,16.0
Keenan Allen,WR,4,6.2
Keenan Allen,WR,5,8.3
Keenan Allen,WR,6,4.7
Keenan Allen,WR,7,23.4
Keenan Allen,WR,8,6.4
Keenan Allen,WR,9,5.1
Kendrick Bourne,WR,3,5.8
Kendrick Bourne,WR,4,2.2
Kendrick Bourne,WR,5,19.2
Kendrick Bourne,WR,6,16.7
Kendrick Bourne,WR,7,2.4
Kendrick Bourne,WR,8,5.9
Kendrick Bourne,WR,9,4.4
Kenneth Gainwell,RB,1,4.8
Kenneth Gainwell,RB,2,5.1
Kenneth Gainwell,RB,3,9.1
Kenneth Gainwell,RB,4,28.4
Kenneth Gainwell,RB,6,6.6
Kenneth Gainwell,RB,7,2.5
Kenneth Gainwell,RB,8,2.5
Kenneth Gainwell,RB,9,5.4
Kenneth Walker,RB,1,3.9
Kenneth Walker,RB,2,18.3
Kenneth Walker,RB,3,17.5
Kenneth Walker,RB,4,11.5
Kenneth Walker,RB,5,9.1
Kenneth Walker,RB,6,4.2
Kenneth Walker,RB,7,6.6
Kenneth Walker,RB,9,7.1
Keon Coleman,WR,1,21.2
Keon Coleman,WR,2,4.1
Keon Coleman,WR,3,3.5
Keon Coleman,WR,4,6.0
Keon Coleman,WR,5,8.3
Keon Coleman,WR,6,2.6
Keon Coleman,WR,8,4.5
Keon Coleman,WR,9,2.7
Khalil Shakir,WR,1,9.4
Khalil Shakir,WR,2,1.7
Khalil Shakir,WR,3,12.5
Khalil Shakir,WR,4,15.4
Khalil Shakir,WR,5,8.0
Khalil Shakir,WR,6,4.8
Khalil Shakir,WR,8,17.8
Khalil Shakir,WR,9,7.8
Kimani Vidal,RB,5,2.4
Kimani Vidal,RB,6,21.3
Kimani Vidal,RB,7,5.5
Kimani Vidal,RB,8,19.2
Kimani Vidal,RB,9,3.0
Kirk Cousins,QB,3,1.16
Kirk Cousins,QB,8,7.12
Kyle Monangai,RB,1,1.6
Kyle Monangai,RB,2,4.1
Kyle Monangai,RB,3,2.5
Kyle Monangai,RB,4,1.8
Kyle Monangai,RB,6,4.9
Kyle Monangai,RB,7,16.4
Kyle Monangai,RB,8,2.4
Kyle Monangai,RB,9,21.3
Kyle Pitts,TE,1,11.15
Kyle Pitts,TE,2,6.7
Kyle Pitts,TE,3,6.9
Kyle Pitts,TE,4,16.75
Kyle Pitts,TE,6,4.05
Kyle Pitts,TE,7,11.45
Kyle Pitts,TE,8,12.65
Kyle Pitts,TE,9,6.8
Kyle Williams,WR,1,1.7
Kyle Williams,WR,3,1.3
Kylen Granson,TE,1,0.85
Kylen Granson,TE,2,1.25
Kyler Murray,QB,1,20.32
Kyler Murray,QB,2,15.0
Kyler Murray,QB,3,15.06
Kyler Murray,QB,4,18.1
Kyler Murray,QB,5,15.3
Kyren Williams,RB,1,13.4
Kyren Williams,RB,2,9.0
Kyren Williams,RB,3,18.2
Kyren Williams,RB,4,8.9
Kyren Williams,RB,5,27.1
Kyren Williams,RB,6,15.7
Kyren Williams,RB,7,7.5
Kyren Williams,RB,9,17.4
Ladd McConkey,WR,1,10.4
Ladd McConkey,WR,2,7.3
Ladd McConkey,WR,3,6.1
Ladd McConkey,WR,4,1.6
Ladd McConkey,WR,5,12.4
Ladd McConkey,WR,6,19.5
Ladd McConkey,WR,7,11.2
Ladd McConkey,WR,8,17.8
Ladd McConkey,WR,9,7.6
Lamar Jackson,QB,1,31.36
Lamar Jackson,QB,2,30.3
Lamar Jackson,QB,3,30.02
Lamar Jackson,QB,4,11.68
Lamar Jackson,QB,9,29.56
LeQuint Allen,RB,2,1.3
LeQuint Allen,RB,3,1.4
LeQuint Allen,RB,4,1.2
LeQuint Allen,RB,6,1.7
LeQuint Allen,RB,7,0.9
LeQuint Allen,RB,9,1.6
Luke Farrell,TE,4,1.5
Luke Farrell,TE,5,1.55
Luke McCaffrey,WR,2,4.4
Luke McCaffrey,WR,3,13.1
Luke McCaffrey,WR,4,9.1
Luke McCaffrey,WR,5,5.5
Luke McCaffrey,WR,6,9.8
Luke McCaffrey,WR,8,3.9
Luke Musgrave,TE,1,1.15
Luke Musgrave,TE,2,4.7
Luke Musgrave,TE,4,1.35
Luke Musgrave,TE,6,1.45
Luke Musgrave,TE,8,1.25
Luke Musgrave,TE,9,5.65
Luke Schoonmaker,TE,8,4.0
Luke Schoonmaker,TE,9,2.15
Luther Burden,WR,1,0.2
Luther Burden,WR,2,1.0
Luther Burden,WR,3,18.3
Luther Burden,WR,4,0.6
Luther Burden,WR,6,7.1
Luther Burden,WR,7,2.6
Luther Burden,WR,8,0.4
Mac Jones,QB,2,24.76
Mac Jones,QB,3,14.26
Mac Jones,QB,5,24.18
Mac Jones,QB,6,11.18
Mac Jones,QB,7,5.18
Mac Jones,QB,8,20.02
Mac Jones,QB,9,17.8
Mack Hollins,WR,6,3.8
Mack Hollins,WR,7,6.3
Mack Hollins,WR,8,12.4
Mack Hollins,WR,9,1.9
Malik Washington,WR,1,3.9
Malik Washington,WR,2,9.0
Malik Washington,WR,3,4.7
Malik Washington,WR,4,3.1
Malik Washington,WR,5,2.0
Malik Washington,WR,6,4.3
Malik Washington,WR,7,5.5
Malik Washington,WR,8,11.6
Malik Washington,WR,9,5.6
Marcus Mariota,QB,3,21.28
Marcus Mariota,QB,4,18.24
Marcus Mariota,QB,7,3.92
Marcus Mariota,QB,8,12.32
Mark Andrews,TE,1,1.25
Mark Andrews,TE,2,1.15
Mark Andrews,TE,3,25.6
Mark Andrews,TE,4,8.25
Mark Andrews,TE,5,3.7
Mark Andrews,TE,6,5.6
Mark Andrews,TE,8,5.65
Mark Andrews,TE,9,16.1
Marquez Valdes-Scantling,WR,3,1.4
Marquez Valdes-Scantling,WR,5,1.4
Marquez Valdes-Scantling,WR,6,3.2
Marquise Brown,WR,1,14.9
Marquise Brown,WR,2,5.5
Marquise Brown,WR,3,6.2
Marquise Brown,WR,4,11.3
Marquise Brown,WR,5,6.8
Marquise Brown,WR,6,18.5
Marquise Brown,WR,7,8.4
Marquise Brown,WR,9,8.3
Marvin Harrison,WR,1,15.6
Marvin Harrison,WR,2,3.7
Marvin Harrison,WR,3,5.9
Marvin Harrison,WR,4,15.6
Marvin Harrison,WR,5,11.8
Marvin Harrison,WR,6,4.2
Marvin Harrison,WR,7,6.8
Marvin Harrison,WR,9,19.1
Marvin Mims,WR,1,0.7
Marvin Mims,WR,2,9.4
Marvin Mims,WR,3,0.9
Marvin Mims,WR,4,17.5
Marvin Mims,WR,5,2.9
Marvin Mims,WR,6,3.8
Marvin Mims,WR,7,12.8
Marvin Mims,WR,8,1.8
Mason Rudolph,QB,2,0.48
Mason Taylor,TE,1,2.75
Mason Taylor,TE,2,1.25
Mason Taylor,TE,3,4.8
Mason Taylor,TE,4,10.25
Mason Taylor,TE,5,15.45
Mason Taylor,TE,6,0.95
Mason Taylor,TE,7,5.35
Mason Taylor,TE,8,13.15
Matthew Golden,WR,1,2.6
Matthew Golden,WR,2,1.5
Matthew Golden,WR,3,8.1
Matthew Golden,WR,4,8.8
Matthew Golden,WR,6,11.7
Matthew Golden,WR,7,5.7
Matthew Golden,WR,8,1.9
Matthew Golden,WR,9,1.9
Matthew Stafford,QB,1,14.6
Matthew Stafford,QB,2,19.32
Matthew Stafford,QB,3,15.84
Matthew Stafford,QB,4,30.4
Matthew Stafford,QB,5,28.56
Matthew Stafford,QB,6,10.34
Matthew Stafford,QB,7,32.38
Matthew Stafford,QB,9,30.84
Michael Carter,RB,5,15.8
Michael Carter,RB,6,7.4
Michael Carter,RB,7,4.6
Michael Mayer,TE,1,6.8
Michael Mayer,TE,2,2.4
Michael Mayer,TE,6,14.75
Michael Mayer,TE,7,1.75
Michael Mayer,TE,9,4.85
Michael Penix,QB,1,25.02
Michael Penix,QB,2,5.3
Michael Penix,QB,3,3.78
Michael Penix,QB,4,20.72
Michael Penix,QB,6,15.6
Michael Penix,QB,7,13.24
Michael Penix,QB,9,25.74
Michael Pittman,WR,1,17.0
Michael Pittman,WR,2,6.0
Michael Pittman,WR,3,16.3
Michael Pittman,WR,4,12.6
Michael Pittman,WR,5,12.4
Michael Pittman,WR,6,3.0
Michael Pittman,WR,7,17.3
Michael Pittman,WR,8,19.5
Michael Pittman,WR,9,16.0
Michael Wilson,WR,1,1.0
Michael Wilson,WR,2,7.6
Michael Wilson,WR,3,1.0
Michael Wilson,WR,4,3.0
Michael Wilson,WR,5,2.6
Michael Wilson,WR,6,6.4
Michael Wilson,WR,7,5.5
Michael Wilson,WR,9,7.6
Mitchell Evans,TE,2,1.65
Mitchell Evans,TE,3,1.65
Mitchell Evans,TE,4,10.55
Mitchell Evans,TE,5,7.15
Mitchell Evans,TE,6,2.85
Mitchell Evans,TE,7,3.9
Nick Chubb,RB,1,6.0
Nick Chubb,RB,2,14.2
Nick Chubb,RB,3,5.5
Nick Chubb,RB,4,7.2
Nick Chubb,RB,5,12.1
Nick Chubb,RB,7,1.6
Nick Chubb,RB,8,7.9
Nick Chubb,RB,9,3.4
Nick Westbrook-Ikhine,WR,1,1.2
Nick Westbrook-Ikhine,WR,2,2.8
Nick Westbrook-Ikhine,WR,4,0.6
Nick Westbrook-Ikhine,WR,7,3.1
Nick Westbrook-Ikhine,WR,8,2.3
Nick Westbrook-Ikhine,WR,9,3.2
Nico Collins,WR,1,4.0
Nico Collins,WR,2,12.7
Nico Collins,WR,3,18.4
Nico Collins,WR,4,9.9
Nico Collins,WR,5,14.0
Nico Collins,WR,7,4.7
Nico Collins,WR,9,11.0
Noah Fant,TE,1,11.6
Noah Fant,TE,2,5.05
Noah Fant,TE,3,4.35
Noah Fant,TE,6,5.7
Noah Fant,TE,7,13.4
Noah Fant,TE,8,6.35
Noah Fant,TE,9,10.3
Noah Gray,TE,1,1.05
Noah Gray,TE,2,0.85
Noah Gray,TE,3,3.95
Noah Gray,TE,4,0.85
Noah Gray,TE,6,4.0
Noah Gray,TE,7,3.55
Noah Gray,TE,8,3.8
Olamide Zaccheaus,WR,2,3.1
Olamide Zaccheaus,WR,3,5.1
Olamide Zaccheaus,WR,4,6.6
Olamide Zaccheaus,WR,6,3.8
Olamide Zaccheaus,WR,7,1.9
Olamide Zaccheaus,WR,8,6.8
Olamide Zaccheaus,WR,9,14.8
Ollie Gordon,RB,1,0.8
Ollie Gordon,RB,2,1.8
Ollie Gordon,RB,3,9.8
Ollie Gordon,RB,4,1.0
Ollie Gordon,RB,6,0.7
Ollie Gordon,RB,7,1.8
Ollie Gordon,RB,8,13.1
Ollie Gordon,RB,9,1.4
Oronde Gadsden,TE,3,8.35
Oronde Gadsden,TE,4,3.1
Oronde Gadsden,TE,5,2.15
Oronde Gadsden,TE,6,10.05
Oronde Gadsden,TE,7,27.65
Oronde Gadsden,TE,8,17.45
Oronde Gadsden,TE,9,10.55
Parker Washington,WR,2,10.1
Parker Washington,WR,3,5.4
Parker Washington,WR,4,5.9
Parker Washington,WR,5,8.6
Parker Washington,WR,6,3.9
Parker Washington,WR,7,8.2
Parker Washington,WR,9,13.0
Pat Bryant,WR,2,2.8
Pat Bryant,WR,6,3.2
Pat Bryant,WR,7,1.1
Pat Bryant,WR,8,11.0
Pat Bryant,WR,9,3.0
Pat Freiermuth,TE,1,5.05
Pat Freiermuth,TE,2,5.35
Pat Freiermuth,TE,3,1.35
Pat Freiermuth,TE,6,1.85
Pat Freiermuth,TE,7,26.85
Pat Freiermuth,TE,8,3.55
Pat Freiermuth,TE,9,10.95
Patrick Mahomes,QB,1,27.02
Patrick Mahomes,QB,2,23.08
Patrick Mahomes,QB,3,14.16
Patrick Mahomes,QB,4,31.3
Patrick Mahomes,QB,5,27.72
Patrick Mahomes,QB,6,34.48
Patrick Mahomes,QB,7,29.24
Patrick Mahomes,QB,8,25.96
Patrick Mahomes,QB,9,10.5
Puka Nacua,WR,1,18.1
Puka Nacua,WR,2,23.6
Puka Nacua,WR,3,17.3
Puka Nacua,WR,4,29.5
Puka Nacua,WR,5,19.5
Puka Nacua,WR,6,3.8
Puka Nacua,WR,9,19.3
Quentin Johnston,WR,1,22.4
Quentin Johnston,WR,2,14.4
Quentin Johnston,WR,3,11.9
Quentin Johnston,WR,4,19.8
Quentin Johnston,WR,5,4.9
Quentin Johnston,WR,7,10.0
Quentin Johnston,WR,9,13.3
Quinn Ewers,QB,7,2.12
Quinshon Judkins,RB,2,8.6
Quinshon Judkins,RB,3,16.0
Quinshon Judkins,RB,4,19.5
Quinshon Judkins,RB,5,13.3
Quinshon Judkins,RB,6,3.6
Quinshon Judkins,RB,7,26.4
Quinshon Judkins,RB,8,3.2
RJ Harvey,RB,1,7.4
RJ Harvey,RB,2,2.9
RJ Harvey,RB,3,3.1
RJ Harvey,RB,4,17.8
RJ Harvey,RB,5,4.5
RJ Harvey,RB,6,4.5
RJ Harvey,RB,7,6.7
RJ Harvey,RB,8,23.6
RJ Harvey,RB,9,14.1
Rachaad White,RB,1,2.1
Rachaad White,RB,2,13.6
Rachaad White,RB,3,1.9
Rachaad White,RB,4,6.6
Rachaad White,RB,5,21.1
Rachaad White,RB,6,16.1
Rachaad White,RB,7,6.4
Rachaad White,RB,8,7.1
Raheem Mostert,RB,7,0.7
Raheem Mostert,RB,9,1.9
Raheim Sanders,RB,1,6.3
Rashee Rice,WR,7,19.7
Rashee Rice,WR,8,21.0
Rashee Rice,WR,9,16.6
Rashid Shaheed,WR,1,6.3
Rashid Shaheed,WR,2,13.2
Rashid Shaheed,WR,3,6.2
Rashid Shaheed,WR,4,7.2
Rashid Shaheed,WR,5,19.4
Rashid Shaheed,WR,6,4.8
Rashid Shaheed,WR,7,6.0
Rashid Shaheed,WR,8,10.0
Rashid Shaheed,WR,9,9.3
Rashod Bateman,WR,1,2.0
Rashod Bateman,WR,2,2.5
Rashod Bateman,WR,3,14.8
Rashod Bateman,WR,4,2.9
Rashod Bateman,WR,6,1.3
Rashod Bateman,WR,8,6.1
Rashod Bateman,WR,9,8.3
Ray Davis,RB,1,0.6
Ray Davis,RB,2,2.4
Ray Davis,RB,4,0.3
Ray Davis,RB,5,0.1
Ray Davis,RB,6,8.9
Ray Davis,RB,8,1.6
Ray-Ray McCloud,WR,1,6.6
Ray-Ray McCloud,WR,3,3.0
Ray-Ray McCloud,WR,9,1.0
Rhamondre Stevenson,RB,1,3.7
Rhamondre Stevenson,RB,2,18.7
Rhamondre Stevenson,RB,3,3.1
Rhamondre Stevenson,RB,4,4.6
Rhamondre Stevenson,RB,5,13.7
Rhamondre Stevenson,RB,6,1.8
Rhamondre Stevenson,RB,7,15.8
Rhamondre Stevenson,RB,8,5.4
Ricky Pearsall,WR,1,12.8
Ricky Pearsall,WR,2,7.2
Ricky Pearsall,WR,3,15.7
Ricky Pearsall,WR,4,6.6
Rico Dowdle,RB,1,2.6
Rico Dowdle,RB,2,2.4
Rico Dowdle,RB,3,10.3
Rico Dowdle,RB,4,3.5
Rico Dowdle,RB,5,30.9
Rico Dowdle,RB,6,31.9
Rico Dowdle,RB,7,10.1
Rico Dowdle,RB,8,5.4
Rico Dowdle,RB,9,27.1
Riley Leonard,QB,8,0.1
Roman Wilson,WR,2,1.2
Roman Wilson,WR,6,1.7
Roman Wilson,WR,7,2.7
Roman Wilson,WR,8,15.4
Rome Odunze,WR,1,12.7
Rome Odunze,WR,2,28.3
Rome Odunze,WR,3,13.7
Rome Odunze,WR,4,14.9
Rome Odunze,WR,6,4.2
Rome Odunze,WR,7,4.1
Rome Odunze,WR,8,14.9
Romeo Doubs,WR,1,7.8
Romeo Doubs,WR,2,10.3
Romeo Doubs,WR,3,3.5
Romeo Doubs,WR,4,26.8
Romeo Doubs,WR,6,8.0
Romeo Doubs,WR,7,10.2
Romeo Doubs,WR,8,7.9
Romeo Doubs,WR,9,12.6
Roschon Johnson,RB,6,0.6
Roschon Johnson,RB,7,1.1
Russell Wilson,QB,1,11.12
Russell Wilson,QB,2,33.3
Russell Wilson,QB,3,5.1
Russell Wilson,QB,4,0.32
Ryan Flournoy,WR,6,4.8
Sam Darnold,QB,1,5.4
Sam Darnold,QB,2,17.8
Sam Darnold,QB,3,18.72
Sam Darnold,QB,4,17.08
Sam Darnold,QB,5,31.64
Sam Darnold,QB,6,22.0
Sam Darnold,QB,7,9.62
Sam Darnold,QB,9,31.2
Sam LaPorta,TE,1,12.4
Sam LaPorta,TE,2,4.85
Sam LaPorta,TE,3,6.3
Sam LaPorta,TE,4,6.15
Sam LaPorta,TE,5,18.95
Sam LaPorta,TE,6,15.25
Sam LaPorta,TE,7,3.75
Sam LaPorta,TE,9,20.2
Samaje Perine,RB,1,1.6
Samaje Perine,RB,3,0.1
Samaje Perine,RB,4,0.4
Samaje Perine,RB,5,3.9
Samaje Perine,RB,6,4.2
Samaje Perine,RB,7,3.1
Samaje Perine,RB,8,16.5
Samaje Perine,RB,9,0.5
Saquon Barkley,RB,1,16.4
Saquon Barkley,RB,2,16.4
Saquon Barkley,RB,3,7.5
Saquon Barkley,RB,4,15.4
Saquon Barkley,RB,5,16.3
Saquon Barkley,RB,6,7.7
Saquon Barkley,RB,7,4.7
Saquon Barkley,RB,8,31.4
Savion Williams,WR,1,0.6
Savion Williams,WR,2,2.4
Savion Williams,WR,4,3.8
Savion Williams,WR,6,0.3
Savion Williams,WR,8,7.4
Savion Williams,WR,9,0.2
Sean Tucker,RB,1,0.2
Sean Tucker,RB,5,1.4
Sean Tucker,RB,6,8.5
Sean Tucker,RB,7,1.1
Sean Tucker,RB,8,10.2
Spencer Rattler,QB,1,11.46
Spencer Rattler,QB,2,24.68
Spencer Rattler,QB,3,12.72
Spencer Rattler,QB,4,14.94
Spencer Rattler,QB,5,16.6
Spencer Rattler,QB,6,11.08
Spencer Rattler,QB,7,12.52
Spencer Rattler,QB,8,2.64
Stefon Diggs,WR,1,8.7
Stefon Diggs,WR,2,5.2
Stefon Diggs,WR,3,3.8
Stefon Diggs,WR,4,13.1
Stefon Diggs,WR,5,19.6
Stefon Diggs,WR,6,4.3
Stefon Diggs,WR,7,10.4
Stefon Diggs,WR,8,8.9
Stefon Diggs,WR,9,11.3
Sterling Shepard,WR,3,10.0
Sterling Shepard,WR,4,3.0
Sterling Shepard,WR,5,9.9
Sterling Shepard,WR,6,6.1
Sterling Shepard,WR,7,4.0
Sterling Shepard,WR,8,1.3
T.J. Hockenson,TE,1,3.75
T.J. Hockenson,TE,2,1.95
T.J. Hockenson,TE,3,14.65
T.J. Hockenson,TE,4,6.9
T.J. Hockenson,TE,5,8.3
T.J. Hockenson,TE,7,8.8
T.J. Hockenson,TE,8,4.1
T.J. Hockenson,TE,9,8.6
Tahj Brooks,RB,3,1.7
Tahj Brooks,RB,9,0.1
Tai Felton,WR,3,1.4
Tank Bigsby,RB,1,1.2
Tank Bigsby,RB,7,1.5
Tank Bigsby,RB,8,10.4
Taysom Hill,TE,5,0.66
Taysom Hill,TE,6,6.1
Taysom Hill,TE,7,2.3
Taysom Hill,TE,8,1.95
Taysom Hill,TE,9,3.0
Tee Higgins,WR,1,4.8
Tee Higgins,WR,2,13.1
Tee Higgins,WR,3,2.0
Tee Higgins,WR,4,4.7
Tee Higgins,WR,5,9.7
Tee Higgins,WR,6,8.7
Tee Higgins,WR,7,18.6
Tee Higgins,WR,8,10.9
Tee Higgins,WR,9,29.6
Terrance Ferguson,TE,5,2.85
Terrance Ferguson,TE,7,9.85
Terrance Ferguson,TE,9,6.9
Terrell Jennings,RB,9,10.9
Terry McLaurin,WR,1,3.7
Terry McLaurin,WR,2,7.3
Terry McLaurin,WR,3,8.9
Terry McLaurin,WR,8,12.9
Tetairoa McMillan,WR,1,9.3
Tetairoa McMillan,WR,2,13.0
Tetairoa McMillan,WR,3,6.3
Tetairoa McMillan,WR,4,8.2
Tetairoa McMillan,WR,5,10.3
Tetairoa McMillan,WR,6,16.4
Tetairoa McMillan,WR,7,4.8
Tetairoa McMillan,WR,8,13.4
Tetairoa McMillan,WR,9,6.6
Tez Johnson,WR,4,1.8
Tez Johnson,WR,5,7.9
Tez Johnson,WR,6,11.0
Tez Johnson,WR,7,13.8
Tez Johnson,WR,8,6.8
Theo Johnson,TE,1,1.25
Theo Johnson,TE,2,6.4
Theo Johnson,TE,3,1.75
Theo Johnson,TE,4,9.95
Theo Johnson,TE,5,19.8
Theo Johnson,TE,6,4.2
Theo Johnson,TE,7,14.85
Theo Johnson,TE,8,4.25
Theo Johnson,TE,9,10.95
Tommy Tremble,TE,1,0.95
Tommy Tremble,TE,2,4.25
Tommy Tremble,TE,3,3.1
Tommy Tremble,TE,4,13.95
Tommy Tremble,TE,5,1.45
Tommy Tremble,TE,6,6.9
Tommy Tremble,TE,7,0.75
Tommy Tremble,TE,8,1.15
Tony Pollard,RB,1,7.4
Tony Pollard,RB,2,9.2
Tony Pollard,RB,3,12.9
Tony Pollard,RB,4,9.1
Tony Pollard,RB,5,13.3
Tony Pollard,RB,6,5.7
Tony Pollard,RB,7,9.1
Tony Pollard,RB,8,5.8
Tony Pollard,RB,9,7.3
Tory Horton,WR,2,10.2
Tory Horton,WR,3,16.7
Tory Horton,WR,4,1.5
Tory Horton,WR,5,11.4
Tory Horton,WR,9,18.8
Travis Etienne,RB,1,17.1
Travis Etienne,RB,2,15.9
Travis Etienne,RB,3,11.6
Travis Etienne,RB,4,19.0
Travis Etienne,RB,5,7.3
Travis Etienne,RB,6,7.5
Travis Etienne,RB,7,6.0
Travis Etienne,RB,9,14.0
Travis Kelce,TE,1,12.2
Travis Kelce,TE,2,9.1
Travis Kelce,TE,3,5.6
Travis Kelce,TE,4,8.55
Travis Kelce,TE,5,17.35
Travis Kelce,TE,6,12.3
Travis Kelce,TE,7,7.65
Travis Kelce,TE,8,20.4
Travis Kelce,TE,9,11.6
Tre Tucker,WR,1,12.4
Tre Tucker,WR,2,3.4
Tre Tucker,WR,3,36.9
Tre Tucker,WR,4,3.2
Tre Tucker,WR,5,9.1
Tre Tucker,WR,6,9.5
Tre Tucker,WR,7,5.8
Tre Tucker,WR,9,5.3
Tre' Harris,WR,1,1.6
Tre' Harris,WR,2,4.4
Tre' Harris,WR,6,4.7
Tre' Harris,WR,7,3.3
Tre' Harris,WR,8,7.8
Tre' Harris,WR,9,2.8
TreVeyon Henderson,RB,1,8.1
TreVeyon Henderson,RB,2,5.0
TreVeyon Henderson,RB,3,6.2
TreVeyon Henderson,RB,4,11.6
TreVeyon Henderson,RB,5,3.7
TreVeyon Henderson,RB,6,4.1
TreVeyon Henderson,RB,7,0.5
TreVeyon Henderson,RB,8,5.5
TreVeyon Henderson,RB,9,10.7
Trevor Etienne,RB,1,0.4
Trevor Etienne,RB,2,0.7
Trevor Etienne,RB,4,3.3
Trevor Etienne,RB,5,3.4
Trevor Etienne,RB,6,1.7
Trevor Etienne,RB,8,1.6
Trevor Lawrence,QB,1,11.32
Trevor Lawrence,QB,2,22.24
Trevor Lawrence,QB,3,7.78
Trevor Lawrence,QB,4,12.66
Trevor Lawrence,QB,5,27.24
Trevor Lawrence,QB,6,21.22
Trevor Lawrence,QB,7,18.64
Trevor Lawrence,QB,9,21.2
Trey Lance,QB,5,2.86
Trey McBride,TE,1,10.6
Trey McBride,TE,2,12.3
Trey McBride,TE,3,14.05
Trey McBride,TE,4,10.45
Trey McBride,TE,5,7.85
Trey McBride,TE,6,19.2
Trey McBride,TE,7,26.9
Trey McBride,TE,9,15.25
Treylon Burks,WR,9,1.9
Troy Franklin,WR,1,6.4
Troy Franklin,WR,2,20.0
Troy Franklin,WR,3,1.8
Troy Franklin,WR,4,7.5
Troy Franklin,WR,5,7.0
Troy Franklin,WR,6,1.6
Troy Franklin,WR,7,11.4
Troy Franklin,WR,8,23.9
Troy Franklin,WR,9,6.3
Tua Tagovailoa,QB,1,6.26
Tua Tagovailoa,QB,2,20.6
Tua Tagovailoa,QB,3,14.84
Tua Tagovailoa,QB,4,17.68
Tua Tagovailoa,QB,5,25.74
Tua Tagovailoa,QB,6,7.6
Tua Tagovailoa,QB,8,28.2
Tua Tagovailoa,QB,9,8.54
Tucker Kraft,TE,1,9.4
Tucker Kraft,TE,2,22.9
Tucker Kraft,TE,3,5.15
Tucker Kraft,TE,4,9.35
Tucker Kraft,TE,6,11.8
Tucker Kraft,TE,7,15.55
Tucker Kraft,TE,8,31.55
Tucker Kraft,TE,9,3.5
Ty Johnson,RB,1,2.4
Ty Johnson,RB,2,0.6
Ty Johnson,RB,3,2.6
Ty Johnson,RB,5,1.0
Ty Johnson,RB,6,2.1
Ty Johnson,RB,8,0.6
Ty Johnson,RB,9,9.0
Tyjae Spears,RB,5,1.4
Tyjae Spears,RB,6,7.0
Tyjae Spears,RB,7,5.5
Tyjae Spears,RB,8,15.7
Tyjae Spears,RB,9,7.7
Tyler Allgeier,RB,1,2.4
Tyler Allgeier,RB,2,14.5
Tyler Allgeier,RB,3,0.9
Tyler Allgeier,RB,4,11.1
Tyler Allgeier,RB,6,10.3
Tyler Allgeier,RB,7,1.6
Tyler Allgeier,RB,8,8.4
Tyler Allgeier,RB,9,0.6
Tyler Badie,RB,2,3.2
Tyler Badie,RB,4,1.6
Tyler Badie,RB,5,2.1
Tyler Badie,RB,8,0.6
Tyler Badie,RB,9,1.6
Tyler Conklin,TE,1,6.7
Tyler Conklin,TE,4,1.05
Tyler Conklin,TE,5,4.5
Tyler Higbee,TE,2,6.7
Tyler Higbee,TE,4,4.0
Tyler Higbee,TE,6,13.0
Tyler Higbee,TE,7,4.15
Tyler Higbee,TE,9,9.55
Tyler Huntley,QB,8,17.74
Tyler Lockett,WR,2,1.9
Tyler Lockett,WR,3,5.7
Tyler Lockett,WR,5,7.1
Tyler Lockett,WR,6,0.5
Tyler Lockett,WR,7,2.8
Tyler Shough,QB,8,4.32
Tyler Shough,QB,9,10.24
Tyler Warren,TE,1,13.15
Tyler Warren,TE,2,10.9
Tyler Warren,TE,3,6.05
Tyler Warren,TE,4,17.05
Tyler Warren,TE,5,13.4
Tyler Warren,TE,6,16.8
Tyler Warren,TE,7,15.9
Tyler Warren,TE,8,8.3
Tyler Warren,TE,9,6.35
Tyquan Thornton,WR,3,15.6
Tyquan Thornton,WR,4,7.6
Tyquan Thornton,WR,5,10.5
Tyquan Thornton,WR,7,4.4
Tyrod Taylor,QB,2,9.34
Tyrod Taylor,QB,3,18.68
Tyrod Taylor,QB,7,2.14
Tyrone Tracy,RB,1,4.5
Tyrone Tracy,RB,2,7.1
Tyrone Tracy,RB,3,4.6
Tyrone Tracy,RB,6,0.6
Tyrone Tracy,RB,7,10.6
Tyrone Tracy,RB,8,6.3
Tyrone Tracy,RB,9,5.2
Tyson Bagent,QB,2,1.78
Tyson Bagent,QB,9,0.8
Wan'Dale Robinson,WR,1,8.5
Wan'Dale Robinson,WR,2,24.2
Wan'Dale Robinson,WR,3,3.1
Wan'Dale Robinson,WR,4,2.9
Wan'Dale Robinson,WR,5,5.7
Wan'Dale Robinson,WR,6,17.4
Wan'Dale Robinson,WR,7,12.5
Wan'Dale Robinson,WR,8,6.3
Wan'Dale Robinson,WR,9,9.1
Will Dissly,TE,1,2.55
Will Dissly,TE,2,1.45
Will Dissly,TE,6,3.3
Will Shipley,RB,1,2.6
Will Shipley,RB,5,0.9
Will Shipley,RB,7,1.2
Will Shipley,RB,8,0.2
Woody Marks,RB,1,0.3
Woody Marks,RB,2,5.6
Woody Marks,RB,3,4.1
Woody Marks,RB,4,25.9
Woody Marks,RB,5,2.4
Woody Marks,RB,7,11.0
Woody Marks,RB,8,13.1
Woody Marks,RB,9,2.7
Xavier Hutchinson,WR,8,15.4
Xavier Hutchinson,WR,9,4.5
Xavier Legette,WR,1,2.5
Xavier Legette,WR,2,0.3
Xavier Legette,WR,5,10.1
Xavier Legette,WR,6,2.1
Xavier Legette,WR,7,19.7
Xavier Legette,WR,8,2.7
Xavier Legette,WR,9,2.7
Xavier Worthy,WR,4,14.6
Xavier Worthy,WR,5,8.1
Xavier Worthy,WR,6,9.6
Xavier Worthy,WR,7,6.3
Xavier Worthy,WR,8,7.8
Xavier Worthy,WR,9,4.5
Zach Charbonnet,RB,1,10.7
Zach Charbonnet,RB,2,1.0
Zach Charbonnet,RB,4,11.4
Zach Charbonnet,RB,5,11.3
Zach Charbonnet,RB,6,4.2
Zach Charbonnet,RB,7,18.5
Zach Charbonnet,RB,9,5.1
Zach Ertz,TE,1,10.85
Zach Ertz,TE,2,16.9
Zach Ertz,TE,3,6.05
Zach Ertz,TE,4,5.6
Zach Ertz,TE,6,14.8
Zach Ertz,TE,7,11.95
Zach Ertz,TE,8,4.6
Zach Ertz,TE,9,7.6
Zamir White,RB,1,0.8
Zamir White,RB,2,2.3
Zamir White,RB,3,2.8
Zavier Scott,RB,3,5.5
Zavier Scott,RB,4,13.4
Zavier Scott,RB,7,1.1
Zavier Scott,RB,8,3.4
Zay Flowers,WR,1,24.6
Zay Flowers,WR,2,11.4
Zay Flowers,WR,3,2.3
Zay Flowers,WR,4,10.9
Zay Flowers,WR,5,9.7
Zay Flowers,WR,6,5.6
Zay Flowers,WR,8,10.6
Zay Flowers,WR,9,8.9
Zay Jones,WR,1,0.9
Zay Jones,WR,3,3.5
Zay Jones,WR,5,1.8
Zay Jones,WR,6,10.4
Zay Jones,WR,7,7.7
Zonovan Knight,RB,6,11.9
Zonovan Knight,RB,7,7.9
Zonovan Knight,RB,9,5.7
